{
  "region": {
    "psgc_id": "1300000000",
    "name": "National Capital Region (NCR)",
    "correspondence_code": "130000000",
    "geographic_level": "Reg",
    "old_names": "",
    "city_class": "",
    "income_classification": "",
    "urban_rural": "",
    "population": " 13,484,462 ",
    "status": ""
  },
  "cities": [
    {
      "psgc_id": "1380602000",
      "name": "Binondo",
      "correspondence_code": "133902000",
      "geographic_level": "SubMun",
      "old_names": "",
      "city_class": "",
      "income_classification": "",
      "urban_rural": "",
      "population": " 20,491 ",
      "status": ""
    },
    {
      "psgc_id": "1380100000",
      "name": "City of Caloocan",
      "correspondence_code": "137501000",
      "geographic_level": "City",
      "old_names": "",
      "city_class": "HUC",
      "income_classification": "1st",
      "urban_rural": "",
      "population": " 1,661,584 ",
      "status": ""
    },
    {
      "psgc_id": "1380200000",
      "name": "City of Las Piñas",
      "correspondence_code": "137601000",
      "geographic_level": "City",
      "old_names": "",
      "city_class": "HUC",
      "income_classification": "1st",
      "urban_rural": "",
      "population": " 606,293 ",
      "status": ""
    },
    {
      "psgc_id": "1380300000",
      "name": "City of Makati",
      "correspondence_code": "137602000",
      "geographic_level": "City",
      "old_names": "",
      "city_class": "HUC",
      "income_classification": "1st",
      "urban_rural": "",
      "population": " 629,616 ",
      "status": ""
    },
    {
      "psgc_id": "1380400000",
      "name": "City of Malabon",
      "correspondence_code": "137502000",
      "geographic_level": "City",
      "old_names": "",
      "city_class": "HUC",
      "income_classification": "1st",
      "urban_rural": "",
      "population": " 380,522 ",
      "status": ""
    },
    {
      "psgc_id": "1380500000",
      "name": "City of Mandaluyong",
      "correspondence_code": "137401000",
      "geographic_level": "City",
      "old_names": "",
      "city_class": "HUC",
      "income_classification": "1st",
      "urban_rural": "",
      "population": " 425,758 ",
      "status": ""
    },
    {
      "psgc_id": "1380600000",
      "name": "City of Manila",
      "correspondence_code": "133900000",
      "geographic_level": "City",
      "old_names": "",
      "city_class": "HUC",
      "income_classification": "Special",
      "urban_rural": "",
      "population": " 1,846,513 ",
      "status": ""
    },
    {
      "psgc_id": "1380700000",
      "name": "City of Marikina",
      "correspondence_code": "137402000",
      "geographic_level": "City",
      "old_names": "",
      "city_class": "HUC",
      "income_classification": "1st",
      "urban_rural": "",
      "population": " 456,059 ",
      "status": ""
    },
    {
      "psgc_id": "1380800000",
      "name": "City of Muntinlupa",
      "correspondence_code": "137603000",
      "geographic_level": "City",
      "old_names": "",
      "city_class": "HUC",
      "income_classification": "1st",
      "urban_rural": "",
      "population": " 543,445 ",
      "status": ""
    },
    {
      "psgc_id": "1380900000",
      "name": "City of Navotas",
      "correspondence_code": "137503000",
      "geographic_level": "City",
      "old_names": "",
      "city_class": "HUC",
      "income_classification": "2nd",
      "urban_rural": "",
      "population": " 247,543 ",
      "status": ""
    },
    {
      "psgc_id": "1381000000",
      "name": "City of Parañaque",
      "correspondence_code": "137604000",
      "geographic_level": "City",
      "old_names": "",
      "city_class": "HUC",
      "income_classification": "1st",
      "urban_rural": "",
      "population": " 689,992 ",
      "status": ""
    },
    {
      "psgc_id": "1381200000",
      "name": "City of Pasig",
      "correspondence_code": "137403000",
      "geographic_level": "City",
      "old_names": "",
      "city_class": "HUC",
      "income_classification": "1st",
      "urban_rural": "",
      "population": " 803,159 ",
      "status": ""
    },
    {
      "psgc_id": "1381400000",
      "name": "City of San Juan",
      "correspondence_code": "137405000",
      "geographic_level": "City",
      "old_names": "",
      "city_class": "HUC",
      "income_classification": "1st",
      "urban_rural": "",
      "population": " 126,347 ",
      "status": ""
    },
    {
      "psgc_id": "1381500000",
      "name": "City of Taguig",
      "correspondence_code": "137607000",
      "geographic_level": "City",
      "old_names": "",
      "city_class": "HUC",
      "income_classification": "1st",
      "urban_rural": "",
      "population": " 886,722 ",
      "status": ""
    },
    {
      "psgc_id": "1381600000",
      "name": "City of Valenzuela",
      "correspondence_code": "137504000",
      "geographic_level": "City",
      "old_names": "",
      "city_class": "HUC",
      "income_classification": "1st",
      "urban_rural": "",
      "population": " 714,978 ",
      "status": ""
    },
    {
      "psgc_id": "1380608000",
      "name": "Ermita",
      "correspondence_code": "133908000",
      "geographic_level": "SubMun",
      "old_names": "",
      "city_class": "",
      "income_classification": "",
      "urban_rural": "",
      "population": " 19,189 ",
      "status": ""
    },
    {
      "psgc_id": "1380609000",
      "name": "Intramuros",
      "correspondence_code": "133909000",
      "geographic_level": "SubMun",
      "old_names": "",
      "city_class": "",
      "income_classification": "",
      "urban_rural": "",
      "population": " 6,103 ",
      "status": ""
    },
    {
      "psgc_id": "1380610000",
      "name": "Malate",
      "correspondence_code": "133910000",
      "geographic_level": "SubMun",
      "old_names": "",
      "city_class": "",
      "income_classification": "",
      "urban_rural": "",
      "population": " 99,257 ",
      "status": ""
    },
    {
      "psgc_id": "1380611000",
      "name": "Paco",
      "correspondence_code": "133911000",
      "geographic_level": "SubMun",
      "old_names": "",
      "city_class": "",
      "income_classification": "",
      "urban_rural": "",
      "population": " 79,839 ",
      "status": ""
    },
    {
      "psgc_id": "1380612000",
      "name": "Pandacan",
      "correspondence_code": "133912000",
      "geographic_level": "SubMun",
      "old_names": "",
      "city_class": "",
      "income_classification": "",
      "urban_rural": "",
      "population": " 84,769 ",
      "status": ""
    },
    {
      "psgc_id": "1381100000",
      "name": "Pasay City",
      "correspondence_code": "137605000",
      "geographic_level": "City",
      "old_names": "",
      "city_class": "HUC",
      "income_classification": "1st",
      "urban_rural": "",
      "population": " 440,656 ",
      "status": ""
    },
    {
      "psgc_id": "1381701000",
      "name": "Pateros",
      "correspondence_code": "137606000",
      "geographic_level": "Mun",
      "old_names": "",
      "city_class": "",
      "income_classification": "1st",
      "urban_rural": "",
      "population": " 65,227 ",
      "status": ""
    },
    {
      "psgc_id": "1380613000",
      "name": "Port Area",
      "correspondence_code": "133913000",
      "geographic_level": "SubMun",
      "old_names": "",
      "city_class": "",
      "income_classification": "",
      "urban_rural": "",
      "population": " 72,605 ",
      "status": ""
    },
    {
      "psgc_id": "1381300000",
      "name": "Quezon City",
      "correspondence_code": "137404000",
      "geographic_level": "City",
      "old_names": "",
      "city_class": "HUC",
      "income_classification": "Special",
      "urban_rural": "",
      "population": " 2,960,048 ",
      "status": ""
    },
    {
      "psgc_id": "1380603000",
      "name": "Quiapo",
      "correspondence_code": "133903000",
      "geographic_level": "SubMun",
      "old_names": "",
      "city_class": "",
      "income_classification": "",
      "urban_rural": "",
      "population": " 29,846 ",
      "status": ""
    },
    {
      "psgc_id": "1380606000",
      "name": "Sampaloc",
      "correspondence_code": "133906000",
      "geographic_level": "SubMun",
      "old_names": "",
      "city_class": "",
      "income_classification": "",
      "urban_rural": "",
      "population": " 388,305 ",
      "status": ""
    },
    {
      "psgc_id": "1380607000",
      "name": "San Miguel",
      "correspondence_code": "133907000",
      "geographic_level": "SubMun",
      "old_names": "",
      "city_class": "",
      "income_classification": "",
      "urban_rural": "",
      "population": " 18,599 ",
      "status": ""
    },
    {
      "psgc_id": "1380604000",
      "name": "San Nicolas",
      "correspondence_code": "133904000",
      "geographic_level": "SubMun",
      "old_names": "",
      "city_class": "",
      "income_classification": "",
      "urban_rural": "",
      "population": " 42,957 ",
      "status": ""
    },
    {
      "psgc_id": "1380614000",
      "name": "Santa Ana",
      "correspondence_code": "133914000",
      "geographic_level": "SubMun",
      "old_names": "",
      "city_class": "",
      "income_classification": "",
      "urban_rural": "",
      "population": " 203,598 ",
      "status": ""
    },
    {
      "psgc_id": "1380605000",
      "name": "Santa Cruz",
      "correspondence_code": "133905000",
      "geographic_level": "SubMun",
      "old_names": "",
      "city_class": "",
      "income_classification": "",
      "urban_rural": "",
      "population": " 126,735 ",
      "status": ""
    },
    {
      "psgc_id": "1380601000",
      "name": "Tondo I/II",
      "correspondence_code": "133901000",
      "geographic_level": "SubMun",
      "old_names": "",
      "city_class": "",
      "income_classification": "",
      "urban_rural": "",
      "population": " 654,220 ",
      "status": ""
    }
  ]
}
